{
  "receipts_title": "Receipts",
  "receipt_deleted": "Receipt Deleted",
  "add_receipt": "Add Receipt",
  "settings": "Settings",
  "edit_receipt": "Edit Receipt",
  "delete_confirmation": "Are you sure you want to delete this receipt?",
  "cancel": "Cancel",
  "confirm": "Confirm",
  "no_receipts": "No receipts available. Add a new receipt to get started!",
  "store_name": "Store Name",
  "amount": "Amount",
  "category": "Category",
  "date": "Date",
  "add_new_receipt": "Add New Receipt",
  "select_category": "Select Category",
  "groceries": "Groceries",
  "electronics": "Electronics",
  "utilities": "Utilities",
  "entertainment": "Entertainment",
  "transportation": "Transportation",
  "save": "Save",
  "receipt_details": "Receipt Details",
  "update_success": "Receipt Updated Successfully",
  "delete_success": "Receipt Deleted Successfully"
}
