{
  "receipts_title": "Recibos",
  "receipt_deleted": "Recibo eliminado",
  "add_receipt": "Agregar recibo",
  "settings": "Configuración",
  "edit_receipt": "Editar recibo",
  "delete_confirmation": "¿Estás seguro de que deseas eliminar este recibo?",
  "cancel": "Cancelar",
  "confirm": "Confirmar",
  "no_receipts": "No hay recibos disponibles. ¡Agregue uno nuevo para comenzar!",
  "store_name": "Nombre de la tienda",
  "amount": "Monto",
  "category": "Categoría",
  "date": "Fecha",
  "add_new_receipt": "Agregar nuevo recibo",
  "select_category": "Seleccionar categoría",
  "groceries": "Comestibles",
  "electronics": "Electrónica",
  "utilities": "Servicios",
  "entertainment": "Entretenimiento",
  "transportation": "Transporte",
  "save": "Guardar",
  "receipt_details": "Detalles del recibo",
  "update_success": "Recibo actualizado con éxito",
  "delete_success": "Recibo eliminado con éxito",
  "add_receipt_success": "¡Recibo agregado con éxito!",
  "error_loading_receipts": "Error al cargar los recibos. Inténtalo de nuevo más tarde.",
  "error_deleting_receipt": "Error al eliminar el recibo. Inténtalo de nuevo.",
  "error_extract_text": "Error al extraer el texto. Inténtalo de nuevo.",
  "camera": "Cámara",
  "gallery": "Galería",
  "select_language": "Seleccionar idioma",
  "logout": "Cerrar sesión",
  "login_success": "Inicio de sesión exitoso",
  "logout_success": "Cierre de sesión exitoso",
  "login_error": "Error al iniciar sesión. Verifique sus credenciales."
}
