{
  "receipts_title": "Reçus",
  "receipt_deleted": "Reçu supprimé",
  "add_receipt": "Ajouter un reçu",
  "settings": "Paramètres",
  "edit_receipt": "Modifier le reçu",
  "delete_confirmation": "Êtes-vous sûr de vouloir supprimer ce reçu?",
  "cancel": "Annuler",
  "confirm": "Confirmer",
  "no_receipts": "Aucun reçu disponible. Ajoutez-en un nouveau pour commencer!",
  "store_name": "Nom du magasin",
  "amount": "Montant",
  "category": "Catégorie",
  "date": "Date",
  "add_new_receipt": "Ajouter un nouveau reçu",
  "select_category": "Sélectionner une catégorie",
  "groceries": "Épicerie",
  "electronics": "Électronique",
  "utilities": "Services publics",
  "entertainment": "Divertissement",
  "transportation": "Transport",
  "save": "Enregistrer",
  "receipt_details": "Détails du reçu",
  "update_success": "Reçu mis à jour avec succès",
  "delete_success": "Reçu supprimé avec succès",
  "add_receipt_success": "Reçu ajouté avec succès!",
  "error_loading_receipts": "Erreur lors du chargement des reçus. Veuillez réessayer plus tard.",
  "error_deleting_receipt": "Erreur lors de la suppression du reçu. Veuillez réessayer.",
  "error_extract_text": "Erreur lors de l'extraction du texte. Veuillez réessayer.",
  "camera": "Appareil photo",
  "gallery": "Galerie",
  "select_language": "Choisir la langue",
  "logout": "Déconnexion",
  "login_success": "Connexion réussie",
  "logout_success": "Déconnexion réussie",
  "login_error": "Erreur de connexion. Veuillez vérifier vos identifiants."
}
