{
  "receipts_title": "ரசீதுகள்",
  "receipt_deleted": "ரசீது நீக்கப்பட்டது",
  "add_receipt": "ரசீது சேர்க்க",
  "settings": "அமைப்புகள்",
  "edit_receipt": "ரசீதுகளைத் திருத்து",
  "delete_confirmation": "இந்த ரசீதையை நீக்க விரும்புகிறீர்களா?",
  "cancel": "ரத்து",
  "confirm": "உறுதிப்படுத்து",
  "no_receipts": "ரசீதுகள் எதுவும் இல்லை. புதிதாக ஒன்று சேர்க்கவும்!",
  "store_name": "கடை பெயர்",
  "amount": "தொகை",
  "category": "வகை",
  "date": "தேதி",
  "add_new_receipt": "புதிய ரசீதை சேர்க்க",
  "select_category": "வகையைத் தேர்ந்தெடுக்கவும்",
  "groceries": "கிரானரி",
  "electronics": "மின்சாதனங்கள்",
  "utilities": "சேவைகள்",
  "entertainment": "வேடிக்கை",
  "transportation": "போக்குவரத்து",
  "save": "சேமிக்க",
  "receipt_details": "ரசீது விவரங்கள்",
  "update_success": "ரசீது வெற்றிகரமாக புதுப்பிக்கப்பட்டது",
  "delete_success": "ரசீது வெற்றிகரமாக நீக்கப்பட்டது",
  "add_receipt_success": "ரசீது வெற்றிகரமாக சேர்க்கப்பட்டது!",
  "error_loading_receipts": "ரசீதுகளை ஏற்றுவதில் பிழை. மீண்டும் முயற்சிக்கவும்.",
  "error_deleting_receipt": "ரசீதுகளை நீக்குவதில் பிழை. மீண்டும் முயற்சிக்கவும்.",
  "error_extract_text": "உரையை பிரித்தெடுக்க தவறிவிட்டது. மீண்டும் முயற்சிக்கவும்.",
  "camera": "கேமரா",
  "gallery": "கேலரி",
  "select_language": "மொழியை தேர்ந்தெடுக்கவும்",
  "logout": "வெளியேறு",
  "login_success": "உள்நுழைவு வெற்றிகரமாக முடிந்தது",
  "logout_success": "வெற்றிகரமாக வெளியேறியது",
  "login_error": "உள்நுழைவதில் பிழை. உங்கள் நற்சான்றுகளைச் சரிபார்க்கவும்."
}
